search_keyword,brand,name,product_url,image_url,original_price,discounted_price,rating,reviews,available_sizes
white shirt,SHAYE,White Buttondown Shirt,https://www.nykaafashion.com/shaye-white-buttondown-shirt/p/4211618,https://adn-static1.nykaa.com/nykdesignstudio-images/pub/media/catalog/product/a/a/aa58_1_041185dd.jpg,‚Çπ900,"1,799",4.1,good,XS (In Stock); S (In Stock); M (In Stock); L (In Stock); XL (In Stock)
white shirt,Uptownie Lite,White Hearts Embroidered Cotton Shirt,https://www.nykaafashion.com/uptownie-lite-white-hearts-embroidered-cotton-shirt/p/16433146,https://adn-static1.nykaa.com/nykdesignstudio-images/pub/media/catalog/product/1/8/18dc263ULSS24TP18-42White_1.jpg,"‚Çπ1,575","2,499",3.5,Take one size small,XS (In Stock); S (In Stock); M (In Stock); L (In Stock); XL (In Stock); 2XL (In Stock); 3XL (In Stock); 4XL (In Stock)
white shirt,DL WOMAN,White Full Sleeves Oversized Solid Casual Shirt,https://www.nykaafashion.com/dl-woman-white-full-sleeves-oversized-solid-casual-shirt/p/16046781,https://adn-static1.nykaa.com/nykdesignstudio-images/pub/media/catalog/product/4/c/4cc302fDLWSHW23011WH_1.jpg,"‚Çπ1,036","2,799",4.2,No reviews,S (In Stock); M (In Stock); L (In Stock); XL (In Stock); 2XL (In Stock)
white shirt,High Star,Long Sleeves Solid Oversized Casual Shirt,https://www.nykaafashion.com/high-star-women-white-long-sleeves-solid-oversized-casual-shirt/p/12465817,https://adn-static1.nykaa.com/nykdesignstudio-images/pub/media/catalog/product/f/5/f5b8a9fDHIGHS00003570_1.jpg,‚Çπ943,"2,299",4.0,No reviews,S (In Stock); M (In Stock); L (In Stock); XL (In Stock); 2XL (In Stock)
white shirt,AAREIN,Self Design Shirt Collar Schiffli Cotton White Shirt,https://www.nykaafashion.com/athena-self-design-shirt-collar-schiffli-cotton-white-shirt/p/16173652,https://adn-static1.nykaa.com/nykdesignstudio-images/pub/media/catalog/product/0/1/01c3840ATP14089_1.jpg,‚Çπ935,"1,699",N/A,No reviews,XS (In Stock); S (In Stock); M (In Stock); L (In Stock); XL (In Stock); 2XL (In Stock)
white shirt,The Souled Store,Cotton Linen: Lucky Clover White Shirt,https://www.nykaafashion.com/the-souled-store-cotton-linen-lucky-clover-white-shirt/p/21112332,https://adn-static1.nykaa.com/nykdesignstudio-images/pub/media/catalog/product/c/c/cc9ed90310201_1.jpg,"‚Çπ1,600","1,999",N/A,No reviews,XXS (In Stock); XS (In Stock); S (In Stock); M (In Stock); L (In Stock); XL (In Stock); 2XL (In Stock); 3XL (In Stock)
white shirt,VERO MODA,White Embroidered Cotton Shirt,https://www.nykaafashion.com/vero-moda-white-embroidered-cotton-shirt/p/18950062,https://adn-static1.nykaa.com/nykdesignstudio-images/pub/media/catalog/product/2/6/2633e02900848401_1.jpg,"‚Çπ2,450","3,499",N/A,No reviews,XS (In Stock); S (In Stock); M (In Stock); L (In Stock); XL (In Stock)
white shirt,FableStreet,Cotton Knitted Shirt -White,https://www.nykaafashion.com/fablestreet-cotton-knitted-shirt-white/p/2571857,https://adn-static1.nykaa.com/nykdesignstudio-images/pub/media/catalog/product/6/a/6a9aac9FBS01438_1.jpg,"‚Çπ1,136","1,695",3.9,Yayy,XS (In Stock); S (In Stock); M (In Stock); L (In Stock); XL (In Stock); 2XL (In Stock)
white shirt,Campus Sutra,Charcoal Grey and Off White Multitrack-Striped Oversized Shirt,https://www.nykaafashion.com/campus-sutra-charcoal-grey-and-off-white-multitrack-striped-oversized-shirt/p/18118438,https://adn-static1.nykaa.com/nykdesignstudio-images/pub/media/catalog/product/4/0/4028176SSSW24CSWSSRT7548_1.jpg,‚Çπ795,"1,499",3.9,I really liked the look and feel. summer friendly breathable material.,S (In Stock); M (In Stock); L (In Stock); XL (In Stock)
white shirt,Cider,Cotton V-neck Collar Floral Patched Corset Long Sleeve Blouse,https://www.nykaafashion.com/cider-cotton-v-neck-collar-floral-patched-corset-long-sleeve-blouse/p/17910683,https://adn-static1.nykaa.com/nykdesignstudio-images/pub/media/catalog/product/7/e/7ef2030CD20240618498944LD-White_1.jpg,"‚Çπ4,593","4,899",4.0,No reviews,XS (In Stock); S (In Stock); M (In Stock); L (In Stock); XL (In Stock)
black dress,Twenty Dresses by Nykaa Fashion,Black Frill Around Me Dress,https://www.nykaafashion.com/twenty-dresses-by-nykaa-fashion-black-frill-around-me-dress/p/5304935,https://adn-static1.nykaa.com/nykdesignstudio-images/pub/media/catalog/product/4/e/4e9aa48TWN_TWENT00013335_1.jpg,"‚Çπ1,516","1,895",4.3,"product was awesome. it fits so well, Go for the correct size (your original size)",XS (In Stock); S (In Stock); M (In Stock); L (In Stock); XL (In Stock); 2XL (In Stock)
black dress,RARE,Women Black Collar Neck Colorblock Mini Dress,https://www.nykaafashion.com/rare-women-black-collar-neck-colorblock-mini-dress/p/16087353,https://adn-static1.nykaa.com/nykdesignstudio-images/pub/media/catalog/product/2/d/2d8ac8bEP8134B_1.jpg,‚Çπ936,"2,399",N/A,No reviews,S (In Stock); M (In Stock); L (In Stock); XL (In Stock)
black dress,VERO MODA,Black Fit and Flare Mini Dress,https://www.nykaafashion.com/vero-moda-black-fit-and-flare-mini-dress/p/17862853,https://adn-static1.nykaa.com/nykdesignstudio-images/pub/media/catalog/product/5/4/540dad9900716201_1.jpg,"‚Çπ2,800","3,999",4.7,Good,XS (In Stock); S (In Stock); M (In Stock); L (In Stock); XL (In Stock)
black dress,MIXT by Nykaa Fashion,Black Solid Square Neck Skater Mini Denim Dress,https://www.nykaafashion.com/mixt-by-nykaa-fashion-black-solid-square-neck-skater-mini-denim-dress-m/p/14006903,https://adn-static1.nykaa.com/nykdesignstudio-images/pub/media/catalog/product/a/1/a1dd7d8DR051942_1.jpg,‚Çπ804,"2,295",3.8,Fits a little lose at the chest,XS (In Stock); S (In Stock); M (In Stock); L (In Stock); XL (In Stock)
black dress,RSVP by Nykaa Fashion,Black Solid Asymmetric Tube Short Dress,https://www.nykaafashion.com/rsvp-by-nykaa-fashion-black-solid-asymmetric-tube-short-dress/p/16225404,https://adn-static1.nykaa.com/nykdesignstudio-images/pub/media/catalog/product/8/2/822fc1fDR022147_1.jpg,"‚Çπ2,597","3,995",3.6,Chest was loose but waist was fine,XS (In Stock); S (In Stock); M (In Stock); L (In Stock); XL (In Stock); 2XL (In Stock)
black dress,Puma,WARDROBE ESS Womens Black Dress,https://www.nykaafashion.com/puma-wardrobe-ess-womens-black-dress/p/18979730,https://adn-static1.nykaa.com/nykdesignstudio-images/pub/media/catalog/product/0/2/02e09b563074301-Black_1.jpg,"‚Çπ1,500","2,999",N/A,No reviews,XS (In Stock); S (In Stock); M (In Stock); L (In Stock); XL (In Stock)
black dress,PICCOLO,Bow Detailed Sleeveless Dress-Black,https://www.nykaafashion.com/piccolo-bow-detailed-sleeveless-dress-black/p/15174008,https://adn-static1.nykaa.com/nykdesignstudio-images/pub/media/catalog/product/a/b/abd7bf3NK_PICCO00003046_1.jpg,"‚Çπ1,299","2,598",3.6,Pretty pretty,2-3 Years (In Stock); 3-4 Years (In Stock); 4-5 Years (In Stock); 5-6 Years (In Stock); 6-7 Years (In Stock); 7-8 Years (In Stock); 8-9 Years (In Stock); 9-10 Years (In Stock); 10-11 Years (In Stock)
black dress,RSVP by Nykaa Fashion,Black & Blue Jacquard Balloon Sleeves Mini Dress,https://www.nykaafashion.com/rsvp-by-nykaa-fashion-black-blue-jacquard-balloon-sleeves-mini-dress/p/10225921,https://adn-static1.nykaa.com/nykdesignstudio-images/pub/media/catalog/product/9/4/945eb84DR021615_1.jpg,"‚Çπ2,876","3,595",4.2,i love the look,XS (In Stock); S (In Stock); M (In Stock); L (In Stock); XL (In Stock); 2XL (In Stock)
black dress,MISH,Black Scuba Fit And Flare Short Dress,https://www.nykaafashion.com/mish-black-scuba-fit-and-flare-short-dress/p/10502625,https://adn-static1.nykaa.com/nykdesignstudio-images/pub/media/catalog/product/f/b/fbdc89d1311_1.jpg,"‚Çπ1,000","1,999",3.7,"Product is good, and its a True Party wear Dress.",XS (In Stock); S (In Stock); M (In Stock); L (In Stock); XL (In Stock); 2XL (In Stock)
black dress,Oxolloxo,Women Floral Mini Dress - Black,https://www.nykaafashion.com/oxolloxo-women-floral-mini-dress-black/p/19888911,https://adn-static1.nykaa.com/nykdesignstudio-images/pub/media/catalog/product/e/4/e4d7ee1W24116WDR002_1.jpg,‚Çπ752,"2,349",N/A,No reviews,S (In Stock); M (In Stock); L (In Stock); XL (In Stock)
denim jeans,Off Duty India,Not Your Daddy's Straight Leg Jeans-Light Blue,https://www.nykaafashion.com/off-duty-india-not-your-daddy-s-straight-leg-jeans-light-blue/p/14494480,https://adn-static1.nykaa.com/nykdesignstudio-images/pub/media/catalog/product/d/5/d58425fA-1528_1.jpg,N/A,N/A,3.5,It looks great,24 (In Stock); 26 (In Stock); 28 (In Stock); 30 (In Stock); 32 (In Stock); 34 (In Stock)
denim jeans,Miss Chase,Women Light Blue Wide-Leg High-Rise Regular Stretchable Jeans,https://www.nykaafashion.com/miss-chase-women-light-blue-wide-leg-high-rise-regular-stretchable-jeans/p/19000964,https://adn-static1.nykaa.com/nykdesignstudio-images/pub/media/catalog/product/2/2/22c8f11DMISAA00018995_1.jpg,"‚Çπ1,396","3,245",N/A,No reviews,26 (In Stock); 28 (In Stock); 30 (In Stock); 32 (In Stock); 34 (In Stock); 36 (In Stock); 38 (In Stock)
denim jeans,Cider,Denim Mid Rise Solid Bowknot Pocket Wide Leg Jeans,https://www.nykaafashion.com/cider-denim-mid-rise-solid-bowknot-pocket-wide-leg-jeans/p/17252173,https://adn-static1.nykaa.com/nykdesignstudio-images/pub/media/catalog/product/2/2/222b2f5CD20240401465803JN-Blue_1.jpg,"‚Çπ3,575","5,499",3.9,nice and perfect fit,XXS (In Stock); XS (In Stock); S (In Stock); M (In Stock); L (In Stock); XL (In Stock)
denim jeans,The Clothing Factory,Crystal Studded Denim Jeans,https://www.nykaafashion.com/the-clothing-factory-crystal-studded-denim-jeans/p/18315345,https://adn-static1.nykaa.com/nykdesignstudio-images/pub/media/catalog/product/9/6/961d686F24SWA7_1.jpg,"‚Çπ5,211","5,790",N/A,No reviews,24 (In Stock); 26 (In Stock); 28 (In Stock); 30 (In Stock); 32 (In Stock); 34 (In Stock); 36 (In Stock)
denim jeans,Styli,Men Dark Blue Balloon Fit Dark Wash Denim,https://www.nykaafashion.com/styli-men-dark-blue-balloon-fit-dark-wash-denim/p/16683295,https://adn-static1.nykaa.com/nykdesignstudio-images/pub/media/catalog/product/e/f/efeea657009075239_1.jpg,"‚Çπ1,440","1,999",3.6,good i didn't expect ....hereafter i will choose Nyka for all.,30 (In Stock); 32 (In Stock); 34 (In Stock); 36 (In Stock); 38 (In Stock)
denim jeans,Miss Chase,Plus Size Blue Skinny-Fit Denim Jeans,https://www.nykaafashion.com/miss-chase-plus-size-blue-skinny-fit-denim-jeans/p/21178663,https://adn-static1.nykaa.com/nykdesignstudio-images/pub/media/catalog/product/3/d/3d15490APAW23DEN1273115_1.jpg,‚Çπ988,"1,899",N/A,No reviews,26 (In Stock); 28 (In Stock); 30 (In Stock); 32 (In Stock); 34 (In Stock); 36 (In Stock); 38 (In Stock)
denim jeans,Campus Sutra,Men Solid Stylish Casual Denim Jeans,https://www.nykaafashion.com/campus-sutra-men-solid-stylish-casual-denim-jeans/p/6532003,https://adn-static1.nykaa.com/nykdesignstudio-images/pub/media/catalog/product/9/c/9c9e9beSS22JN_DNEFAD4_M_PLN_BU_1.jpg,‚Çπ946,"2,199",2.9,Perfect Fitting with great quality,28 (In Stock); 30 (In Stock); 32 (In Stock); 34 (In Stock); 36 (In Stock)
denim jeans,DOLCE CRUDO,Womens White Bootcut High Rise Clean Look Regular-Length Stretchable Denim Jeans,https://www.nykaafashion.com/dolce-crudo-womens-white-bootcut-high-rise-clean-look-regular-length-stretchable-denim-jeans/p/17815410,https://adn-static1.nykaa.com/nykdesignstudio-images/pub/media/catalog/product/5/0/50d3590HDOLAA00006672_1.jpg,"‚Çπ1,494","3,395",N/A,No reviews,24 (In Stock); 26 (In Stock); 28 (In Stock); 30 (In Stock); 32 (In Stock); 34 (In Stock); 36 (In Stock); 38 (In Stock)
denim jeans,Snitch,Original Black Bootcut Denim,https://www.nykaafashion.com/snitch-original-black-bootcut-denim/p/6135190,https://adn-static1.nykaa.com/nykdesignstudio-images/pub/media/catalog/product/e/d/ed955b64MSD3514-01_1.jpg,N/A,N/A,3.6,too good,30 (In Stock); 32 (In Stock); 34 (In Stock); 36 (In Stock); 38 (In Stock)
denim jeans,U.S. Polo Assn. Denim Co.,Regallo Skinny Fit Jeans,https://www.nykaafashion.com/u-s-polo-assn-denim-co-regallo-skinny-fit-jeans/p/9279991,https://adn-static1.nykaa.com/nykdesignstudio-images/pub/media/catalog/product/2/a/2a8a918NB_USPAB00008614_1.jpg,"‚Çπ2,070","2,999",4.1,great comfort,30 (In Stock); 32 (In Stock); 34 (In Stock); 36 (In Stock); 38 (In Stock)
summer kurti,A plus by Ahalyaa,Women Ethnic Motifs Printed Summer Sheer Kurta,https://www.nykaafashion.com/ahalyaa-women-ethnic-motifs-printed-summer-sheer-kurta/p/20646726,https://adn-static1.nykaa.com/nykdesignstudio-images/pub/media/catalog/product/d/f/df88841APAHKUCNFP1124_1.jpg,"‚Çπ1,350","5,000",N/A,No reviews,3XL (In Stock); 4XL (In Stock); 5XL (In Stock); 6XL (In Stock); 7XL (In Stock)
summer kurti,Aurelia,Black Seersucker Summer Basic Kurta,https://www.nykaafashion.com/aurelia-black-seersucker-summer-basic-kurta/p/18106277,https://adn-static1.nykaa.com/nykdesignstudio-images/pub/media/catalog/product/b/6/b60494b24AUA14092605050_1.jpg,‚Çπ740,"1,399",N/A,No reviews,XS (In Stock); S (In Stock); M (In Stock); L (In Stock); XL (In Stock); 2XL (In Stock)
summer kurti,W,Floral White Printed Cotton Straight Summer Kurta,https://www.nykaafashion.com/w-floral-white-printed-cotton-straight-summer-kurta/p/20548947,https://adn-static1.nykaa.com/nykdesignstudio-images/pub/media/catalog/product/d/a/dafed9dWXXXX00055152_1.jpg,N/A,N/A,N/A,No reviews,XS (In Stock); S (In Stock); M (In Stock); L (In Stock); XL (In Stock); 2XL (In Stock); 3XL (In Stock)
summer kurti,URZUV,Kashmiri Paisley Black Summer Pheran Kurta,https://www.nykaafashion.com/urzuv-kashmiri-paisley-black-summer-pheran-kurta/p/19443792,https://adn-static1.nykaa.com/nykdesignstudio-images/pub/media/catalog/product/0/6/066335dURZSS25003_1.jpg,"‚Çπ3,135","3,300",N/A,No reviews,XS (In Stock); S (In Stock); M (In Stock); L (In Stock); XL (In Stock)
summer kurti,Akiso,Blue Block Printed Summer Kurta With Lace Detail,https://www.nykaafashion.com/akiso-blue-block-printed-summer-kurta-with-lace-detail/p/9713813,https://adn-static1.nykaa.com/nykdesignstudio-images/pub/media/catalog/product/6/d/6d62272P9_NELDOT_1.jpg,"‚Çπ1,752","2,190",N/A,No reviews,XS (In Stock); M (In Stock); L (In Stock); XL (In Stock); 2XL (In Stock)
summer kurti,Rivaz Threads and Co,Summer Lucknow Chikankari Kurti With Puff Sleeves - Khaki,https://www.nykaafashion.com/rivaz-threads-and-co-summer-lucknow-chikankari-kurti-with-puff-sleeves-khaki/p/21232774,https://adn-static1.nykaa.com/nykdesignstudio-images/pub/media/catalog/product/f/6/f6a2f18RZUH055_1.jpg,N/A,N/A,N/A,No reviews,S (In Stock); M (In Stock); L (In Stock); XL (In Stock); 2XL (In Stock)
summer kurti,Indy Raaga,Summer Cool Silk Yale Blue Kurta,https://www.nykaafashion.com/indy-raaga-summer-cool-silk-yale-blue-kurta/p/15654443,https://adn-static1.nykaa.com/nykdesignstudio-images/pub/media/catalog/product/7/f/7f3e9a8IR-K-69_1.jpg,"‚Çπ2,242","3,449",N/A,No reviews,XS (In Stock); S (In Stock); M (In Stock); L (In Stock); XL (In Stock); 2XL (In Stock)
summer kurti,GULABI DORI,Yellow Summer Kurta with Gotta Work,https://www.nykaafashion.com/gulabi-dori-yellow-summer-kurta-with-gotta-work/p/3515937,https://adn-static1.nykaa.com/nykdesignstudio-images/pub/media/catalog/product/g/u/gulabi-dorigk-1146-1_9cfe5ff5.jpg,"‚Çπ1,260","1,400",N/A,No reviews,S (In Stock); M (In Stock); L (In Stock); XL (In Stock); 2XL (In Stock)
summer kurti,Studio Shikha Malik,White Summer Dance Kurta with Slip and Dupatta (Set of 2),https://www.nykaafashion.com/studio-shikha-malik-white-summer-dance-kurta-with-slip-and-dupatta-set-of-3/p/15171113,https://adn-static1.nykaa.com/nykdesignstudio-images/pub/media/catalog/product/d/d/ddfad26SM-VILLA-22_0.jpg,"‚Çπ5,310","5,900",N/A,No reviews,XS (In Stock); S (In Stock); M (In Stock); L (In Stock); XL (In Stock); 2XL (In Stock)
summer kurti,Ancestry,Summer Floral V Neck Kurta,https://www.nykaafashion.com/ancestry-summer-floral-v-neck-kurta/p/16651928,https://adn-static1.nykaa.com/nykdesignstudio-images/pub/media/catalog/product/5/4/5457b66CDKUSB0416-MU_1.jpg,"‚Çπ2,632","3,290",N/A,No reviews,XS (In Stock); S (In Stock); M (In Stock); L (In Stock); XL (In Stock); 2XL (In Stock)
co-ord set,Zari Jaipur,Womens Grey Print Co Ord with Belt (Set of 3),https://www.nykaafashion.com/zari-jaipur-womens-grey-print-co-ord-with-belt-set-of-3/p/16056281,https://adn-static1.nykaa.com/nykdesignstudio-images/pub/media/catalog/product/9/f/9f7c717J128SHL033_1.jpg,"‚Çπ1,659","3,685",3.2,lovely,S (In Stock); M (In Stock); L (In Stock); XL (In Stock); 2XL (In Stock)
co-ord set,Tikhi Imli,Red Silk Blend Heavy Sequence Work Co-Ord (Set of 2),https://www.nykaafashion.com/tikhi-imli-red-silk-blend-heavy-sequence-work-co-ord-set-of-2/p/18520687,https://adn-static1.nykaa.com/nykdesignstudio-images/pub/media/catalog/product/f/1/f12d411Coords9062_1.jpg,"‚Çπ1,844","4,497",4.0,awesome üëç,S (In Stock); M (In Stock); L (In Stock); XL (In Stock); 2XL (In Stock)
co-ord set,Gahan,Cotton Blend Animal Printed White Kaftan Style Co-Ord (Set of 2),https://www.nykaafashion.com/gahan-cotton-blend-animal-printed-white-kaftan-style-co-ord-set-of-2/p/18523757,https://adn-static1.nykaa.com/nykdesignstudio-images/pub/media/catalog/product/9/2/92c7effJ-DN466K_1.jpg,"‚Çπ1,499","2,499",4.5,No reviews,S (In Stock); M (In Stock); L (In Stock); XL (In Stock); 2XL (In Stock); 3XL (In Stock)
co-ord set,Autumnlane,Tuhina Azure Applique Co-Ord (Set of 2),https://www.nykaafashion.com/autumnlane-tuhina-azure-applique-co-ord-set-of-2/p/12127695,https://adn-static1.nykaa.com/nykdesignstudio-images/pub/media/catalog/product/a/8/a81e6e7tuhina-azure_1.jpg,"‚Çπ1,850","3,700",3.6,first time purchase kiya nyka se best quality üëç,S (In Stock); M (In Stock); L (In Stock); XL (In Stock); 2XL (In Stock); 3XL (In Stock)
co-ord set,Jaey,Women Blue Asymmetrical Co-Ord (Set of 2),https://www.nykaafashion.com/jaey-women-blue-asymmetrical-co-ord-set-of-2/p/16051839,https://adn-static1.nykaa.com/nykdesignstudio-images/pub/media/catalog/product/4/b/4b48e17JA0010001_1.jpg,"‚Çπ3,850","5,150",N/A,No reviews,XS (In Stock); S (In Stock); M (In Stock); L (In Stock); XL (In Stock); 2XL (In Stock); 3XL (In Stock)
co-ord set,Twenty Dresses by Nykaa Fashion,Multicolor Floral Vest Top Straight Pants Co Ord (Set of 2),https://www.nykaafashion.com/twenty-dresses-by-nykaa-fashion-multicolor-floral-sleeveless-vest-top-straight-pants-co-ord-set-of-2/p/20540416,https://adn-static1.nykaa.com/nykdesignstudio-images/pub/media/catalog/product/f/2/f20ca3fXXDSS7683ET_1.jpg,"‚Çπ3,596","3,995",N/A,No reviews,XS (In Stock); S (In Stock); M (In Stock); L (In Stock); XL (In Stock); 2XL (In Stock)
co-ord set,Rain & Rainbow,Women Multi-Color Printed Pure Cotton Tunic with Printed Pant (Set of 2),https://www.nykaafashion.com/rain-rainbow-women-multi-color-printed-pure-cotton-tunic-with-printed-pant-set-of-2/p/16477323,https://adn-static1.nykaa.com/nykdesignstudio-images/pub/media/catalog/product/0/9/098685fKS-3605-1307-38-Multi-Color_1.jpg,‚Çπ999,"3,995",3.9,5here were two sets but only one came in both cords,S (In Stock); M (In Stock); L (In Stock); XL (In Stock); 2XL (In Stock)
co-ord set,Chhabra 555,Cream Embroidered Flared Crop Top and Palazzo with Shrug (Set of 3),https://www.nykaafashion.com/chhabra-555-cream-embroidered-flared-crop-top-and-palazzo-with-shrug-set-of-3/p/16593876,https://adn-static1.nykaa.com/nykdesignstudio-images/pub/media/catalog/product/d/4/d498bb7WSAT8816_1.jpg,"‚Çπ3,360","11,200",3.2,No reviews,XXS (In Stock); XS (In Stock); S (In Stock); M (In Stock); L (In Stock); XL (In Stock)
co-ord set,Stylum,Black Printed Rayon Co-Ord (Set of 2),https://www.nykaafashion.com/stylum-black-printed-rayon-co-ord-set-of-2/p/16864337,https://adn-static1.nykaa.com/nykdesignstudio-images/pub/media/catalog/product/9/6/9691633CSBLACKCOBRA_1.jpg,"‚Çπ1,026","2,699",4.3,good,XS (In Stock); S (In Stock); M (In Stock); L (In Stock)
co-ord set,Nayam by lakshita,Women Printed Co-Ord (Set of 2),https://www.nykaafashion.com/nayam-by-lakshita-women-printed-co-ord-set-of-2/p/14736364,https://adn-static1.nykaa.com/nykdesignstudio-images/pub/media/catalog/product/6/4/64506b2NB_NAYAM00000899_1.jpg,"‚Çπ1,228","2,995",N/A,No reviews,S (In Stock); M (In Stock); L (In Stock); XL (In Stock); 2XL (In Stock)
sneakers,The Souled Store,Originals Urban Blaze: Latte Women Low Top Sneakers,https://www.nykaafashion.com/the-souled-store-originals-urban-blaze-latte-women-low-top-sneakers/p/18180583,https://adn-static1.nykaa.com/nykdesignstudio-images/pub/media/catalog/product/a/f/af0dc4aTSSPA269868_1.jpg,N/A,N/A,4.2,No reviews,UK 3 (In Stock); UK 4 (In Stock); UK 5 (In Stock); UK 6 (In Stock); UK 7 (In Stock); UK 8 (In Stock)
sneakers,Red Tape,Men Colorblocked Black Lifestyle Sneakers,https://www.nykaafashion.com/red-tape-men-colorblocked-black-lifestyle-sneakers/p/16842651,https://adn-static1.nykaa.com/nykdesignstudio-images/pub/media/catalog/product/0/a/0ac1ed7RSL0791A_1.jpg,"‚Çπ1,674","6,199",N/A,No reviews,UK 6 (In Stock); UK 7 (In Stock); UK 8 (In Stock); UK 9 (In Stock); UK 10 (In Stock)
sneakers,Puma,Smashic Unisex Black Sneakers,https://www.nykaafashion.com/puma-smashic-unisex-black-sneakers/p/9750190,https://adn-static1.nykaa.com/nykdesignstudio-images/pub/media/catalog/product/a/c/ac4e333NN_PUMAX00237073_1.jpg,"‚Çπ1,935","4,499",3.9,No reviews,UK 6 (In Stock); UK 7 (In Stock); UK 8 (In Stock); UK 9 (In Stock); UK 10 (In Stock); UK 11 (In Stock)
sneakers,Shoetopia,Smart High Top Casual Lace-Up Multi Color Sneakers for Women,https://www.nykaafashion.com/shoetopia-smart-high-top-casual-lace-up-multi-color-sneakers-for-women/p/16873792,https://adn-static1.nykaa.com/nykdesignstudio-images/pub/media/catalog/product/4/5/45bf439JMTopMulti_1.jpg,‚Çπ900,"1,999",3.8,Quality is too good I‚Äôm impressed,EURO 36 (In Stock); EURO 37 (In Stock); EURO 38 (In Stock); EURO 39 (In Stock); EURO 40 (In Stock); EURO 41 (In Stock)
sneakers,Theater,Women Wicked Brothers Cherry Red Lace-Up Sneakers,https://www.nykaafashion.com/theater-wicked-brothers-red-canvas-shoes/p/17883338,https://adn-static1.nykaa.com/nykdesignstudio-images/pub/media/catalog/product/e/a/eaafa5eAPTHECJ00000870_1.jpg,"‚Çπ2,691","2,990",N/A,No reviews,EURO 35 (In Stock); EURO 36 (In Stock); EURO 37 (In Stock); EURO 38 (In Stock); EURO 39 (In Stock); EURO 40 (In Stock); EURO 41 (In Stock)
sneakers,Puma,Unisex Suede Classic Pin Cord Sneakers Black,https://www.nykaafashion.com/puma-unisex-suede-classic-pin-cord-sneakers-black/p/20787116,https://adn-static1.nykaa.com/nykdesignstudio-images/pub/media/catalog/product/1/1/11997a536623501_1.jpg,N/A,N/A,N/A,No reviews,UK 3 (In Stock); UK 4 (In Stock); UK 5 (In Stock); UK 6 (In Stock); UK 7 (In Stock); UK 8 (In Stock); UK 9 (In Stock); UK 10 (In Stock); UK 11 (In Stock); UK 12 (In Stock)
sneakers,U.S. POLO ASSN.,Lowen 2.0 Mens White Sneakers,https://www.nykaafashion.com/u-s-polo-assn-lowen-2-0-mens-white-sneakers/p/19535120,https://adn-static1.nykaa.com/nykdesignstudio-images/pub/media/catalog/product/2/4/24b5a2b2FD25061W01_1.jpg,"‚Çπ3,250","4,999",N/A,No reviews,UK 6 (In Stock); UK 7 (In Stock); UK 8 (In Stock); UK 9 (In Stock); UK 10 (In Stock); UK 11 (In Stock)
sneakers,Campus,White OGL-09 Women Sneakers,https://www.nykaafashion.com/campus-white-ogl-09-women-sneakers/p/16091485,https://adn-static1.nykaa.com/nykdesignstudio-images/pub/media/catalog/product/0/f/0fc2197NK_CAMPU00039885_1.jpg,"‚Çπ1,000","1,999",3.4,No reviews,UK 4 (In Stock); UK 5 (In Stock); UK 6 (In Stock); UK 7 (In Stock); UK 8 (In Stock)
sneakers,Carlton London,Black Design Women Slip-On Sneakers,https://www.nykaafashion.com/carlton-london-black-design-women-slip-on-sneakers/p/14339211,https://adn-static1.nykaa.com/nykdesignstudio-images/pub/media/catalog/product/d/0/d08e434CL-BI-Wn-03BLACK_1.jpg,"‚Çπ1,380","2,299",N/A,No reviews,EURO 36 (In Stock); EURO 37 (In Stock); EURO 38 (In Stock); EURO 39 (In Stock); EURO 40 (In Stock); EURO 41 (In Stock)
sneakers,Yoho,Kite Beige Sneakers for Men,https://www.nykaafashion.com/yoho-kite-beige-sneakers-for-men/p/17487478,https://adn-static1.nykaa.com/nykdesignstudio-images/pub/media/catalog/product/d/d/dd9855eYohoYKSMC22M_1.jpg,‚Çπ975,"2,499",3.6,saij isu,UK 6 (In Stock); UK 7 (In Stock); UK 8 (In Stock); UK 9 (In Stock); UK 10 (In Stock); UK 11 (In Stock)
blue linen pants,Twenty Dresses by Nykaa Fashion,Sky Blue Solid Straight Fit Linen Pants,https://www.nykaafashion.com/twenty-dresses-by-nykaa-fashion-sky-blue-solid-straight-fit-pants/p/14366924,https://adn-static1.nykaa.com/nykdesignstudio-images/pub/media/catalog/product/1/c/1c6e7bfBT011153_1.jpg,"‚Çπ1,148","2,295",N/A,No reviews,26 (In Stock); 28 (In Stock); 30 (In Stock); 32 (In Stock); 34 (In Stock)
blue linen pants,Creatures of Habit,Linen Wide Leg Pant Wildflower Blue,https://www.nykaafashion.com/creatures-of-habit-linen-wide-leg-pant-wildflower-blue/p/14852600,https://adn-static1.nykaa.com/nykdesignstudio-images/pub/media/catalog/product/8/1/81db097COHW102PTWB_1.jpg,N/A,N/A,N/A,No reviews,XS (In Stock); S (In Stock); M (In Stock); L (In Stock); XL (In Stock); 2XL (In Stock); 3XL (In Stock)
blue linen pants,VERO MODA,Blue Linen Pants,https://www.nykaafashion.com/vero-moda-blue-linen-pants/p/19011202,https://adn-static1.nykaa.com/nykdesignstudio-images/pub/media/catalog/product/8/a/8a7f5bbVMLPA901352701_1.jpg,"‚Çπ2,800","3,999",N/A,No reviews,XS (In Stock); S (In Stock); M (In Stock); L (In Stock); XL (In Stock)
blue linen pants,Marks & Spencer,Navy Blue Linen Mix Plain Cropped Leg Trousers,https://www.nykaafashion.com/marks-spencer-navy-blue-linen-mix-plain-cropped-leg-trousers/p/18910329,https://adn-static1.nykaa.com/nykdesignstudio-images/pub/media/catalog/product/c/6/c6dd927T577138KNAVY_1.jpg,"‚Çπ1,950","2,999",N/A,No reviews,26 (In Stock); 28 (In Stock); 30 (In Stock); 32 (In Stock); 34 (In Stock); 36 (In Stock); 38 (In Stock); 40 (In Stock)
blue linen pants,Globus,Blue Solid Straight Fit Trouser,https://www.nykaafashion.com/globus-blue-solid-straight-fit-trouser/p/19246347,https://adn-static1.nykaa.com/nykdesignstudio-images/pub/media/catalog/product/5/5/558a8e3WBWECOMLNNWIDE9374LIGHTBLUEBlue_1.jpg,"‚Çπ1,876","2,799",N/A,No reviews,28 (In Stock); 30 (In Stock); 32 (In Stock); 34 (In Stock); 36 (In Stock)
blue linen pants,PCFG,Men Blue Linen Hidden Button Straight Fit Trousers,https://www.nykaafashion.com/pcfg-men-blue-linen-hidden-button-straight-fit-trousers/p/20334552,https://adn-static1.nykaa.com/nykdesignstudio-images/pub/media/catalog/product/c/e/ce7d5dfPMS328-005_1.jpg,"‚Çπ37,560","62,599",N/A,No reviews,S (In Stock); M (In Stock); L (In Stock); XL (In Stock)
blue linen pants,AAREIN,Women Blue Linen Pleated Flared Trouser,https://www.nykaafashion.com/aarein-women-blue-linen-pleated-flared-trouser/p/19631946,https://adn-static1.nykaa.com/nykdesignstudio-images/pub/media/catalog/product/5/5/555599aABW18404_1.jpg,‚Çπ900,"1,999",N/A,No reviews,26 (In Stock); 28 (In Stock); 30 (In Stock); 32 (In Stock); 34 (In Stock); 36 (In Stock)
blue linen pants,FableStreet,Sky Blue Linen Mid Rise Straight Leg Trouser,https://www.nykaafashion.com/fablestreet-sky-blue-linen-mid-rise-straight-leg-trouser/p/20194162,https://adn-static1.nykaa.com/nykdesignstudio-images/pub/media/catalog/product/0/8/08f1a40FSTR300BLUE_1.jpg,"‚Çπ3,644","3,795",N/A,No reviews,26 (In Stock); 28 (In Stock); 30 (In Stock); 32 (In Stock); 34 (In Stock); 36 (In Stock)
blue linen pants,MIRIPRET,Marilyn Blue Linen Pant,https://www.nykaafashion.com/miripret-marilyn-blue-linen-pant/p/15433488,https://adn-static1.nykaa.com/nykdesignstudio-images/pub/media/catalog/product/8/c/8cf7d56BW001_4.jpg,N/A,N/A,N/A,No reviews,XS (In Stock); S (In Stock); M (In Stock); L (In Stock); XL (In Stock)
blue linen pants,Cover Story,Womens Blue Linen Wide Leg Trouser,https://www.nykaafashion.com/cover-story-womens-blue-linen-wide-leg-trouser/p/16476742,https://adn-static1.nykaa.com/nykdesignstudio-images/pub/media/catalog/product/1/3/1327fd7TRFL03UB7225BE_1.jpg,‚Çπ837,"2,790",N/A,No reviews,XS (In Stock); S (In Stock); M (In Stock); L (In Stock); XL (In Stock); 2XL (In Stock)
pink blazer for women,NEOFAA,Vintage Pink Floral Blazer for Women,https://www.nykaafashion.com/neofaa-vintage-pink-floral-blazer-for-women/p/18755409,https://adn-static1.nykaa.com/nykdesignstudio-images/pub/media/catalog/product/7/5/75df841JKT00129_1.jpg,N/A,N/A,N/A,No reviews,XS (In Stock); S (In Stock); M (In Stock); L (In Stock); XL (In Stock); 2XL (In Stock); 3XL (In Stock); 4XL (In Stock); 5XL (In Stock); 6XL (In Stock); 7XL (In Stock); 8XL (In Stock); 9XL (In Stock)
pink blazer for women,Van Heusen,Women Pink Solid Blazer,https://www.nykaafashion.com/van-heusen-women-pink-solid-blazer/p/16628080,https://adn-static1.nykaa.com/nykdesignstudio-images/pub/media/catalog/product/1/8/1881c17VWBZFRGFL54661_0.jpg,"‚Çπ3,180","5,299",N/A,No reviews,XS (In Stock); S (In Stock); M (In Stock); L (In Stock); XL (In Stock); 2XL (In Stock)
pink blazer for women,Madame,Lapel Collar Hot Pink Lace Fabric Blazer,https://www.nykaafashion.com/madame-lapel-collar-hot-pink-lace-fabric-blazer/p/14857652,https://adn-static1.nykaa.com/nykdesignstudio-images/pub/media/catalog/product/9/2/92b46ceM4S32007-HOTPINK_1.jpg,"‚Çπ1,850","3,699",N/A,No reviews,S (In Stock); M (In Stock); L (In Stock); XL (In Stock); 2XL (In Stock)
pink blazer for women,Allen Solly,Women Pink Solid Casual Blazer,https://www.nykaafashion.com/allen-solly-women-pink-solid-casual-blazer/p/11981182,https://adn-static1.nykaa.com/nykdesignstudio-images/pub/media/catalog/product/2/1/2112c2fAHBZWRGFO23833_1.jpg,"‚Çπ3,600","5,999",N/A,No reviews,XS (In Stock); S (In Stock); M (In Stock); L (In Stock); XL (In Stock); 2XL (In Stock)
pink blazer for women,FableStreet,Pink Solid Blazer,https://www.nykaafashion.com/fablestreet-pink-solid-jacket/p/1872359,https://adn-static1.nykaa.com/nykdesignstudio-images/pub/media/catalog/product/6/a/6a9aac9FBS01256_1.jpg,"‚Çπ3,033","4,595",4.4,No reviews,XS (In Stock); S (In Stock); M (In Stock); L (In Stock); XL (In Stock); 2XL (In Stock)
pink blazer for women,TOKYO TALKIES,Pink Self-Designed Double-Breasted Longline Casual Blazer,https://www.nykaafashion.com/tokyo-talkies-pink-self-designed-double-breasted-longline-casual-blazer/p/21158839,https://adn-static1.nykaa.com/nykdesignstudio-images/pub/media/catalog/product/3/2/3265eacTTBL000024_1.jpg,"‚Çπ2,000","4,999",N/A,No reviews,XS (In Stock); S (In Stock); M (In Stock); L (In Stock); XL (In Stock); 2XL (In Stock)
pink blazer for women,Sage By Mala,Pink Rose Blazer,https://www.nykaafashion.com/sage-by-mala-pink-rose-blazer/p/19083997,https://adn-static1.nykaa.com/nykdesignstudio-images/pub/media/catalog/product/7/7/77d2dcbRoseBBlazer_1.jpg,"‚Çπ3,246","3,490",N/A,No reviews,XS (In Stock); S (In Stock); M (In Stock); L (In Stock); XL (In Stock); 2XL (In Stock); 3XL (In Stock); 4XL (In Stock); 5XL (In Stock)
pink blazer for women,KOTTY,Women's Solid Single Breasted Casual Blazer Pink,https://www.nykaafashion.com/kotty-women-s-solid-single-breasted-casual-blazer-pink/p/14195203,https://adn-static1.nykaa.com/nykdesignstudio-images/pub/media/catalog/product/9/8/98f01dcKTTWOMENSBLAZER41_MelonPink_1.jpg,‚Çπ500,"1,999",N/A,No reviews,S (In Stock); M (In Stock); L (In Stock); XL (In Stock); 2XL (In Stock)
pink blazer for women,FableStreet,Dusty Pink Linen Single Breasted Blazer,https://www.nykaafashion.com/fablestreet-dusty-pink-linen-single-breasted-blazer/p/15667747,https://adn-static1.nykaa.com/nykdesignstudio-images/pub/media/catalog/product/6/b/6b0a043FSJK195DSPK_1.jpg,"‚Çπ3,309","4,795",N/A,No reviews,XS (In Stock); S (In Stock); M (In Stock); L (In Stock); XL (In Stock); 2XL (In Stock)
pink blazer for women,Saltpetre,Women Linen Cotton Pink Shawl Collar Blazer,https://www.nykaafashion.com/saltpetre-women-linen-cotton-pink-shawl-collar-blazer/p/20992766,https://adn-static1.nykaa.com/nykdesignstudio-images/pub/media/catalog/product/4/6/46c7c6dSPWWJ4PNKCTNLN_1.jpg,N/A,N/A,N/A,No reviews,XXS (In Stock); XS (In Stock); S (In Stock); M (In Stock); L (In Stock); XL (In Stock); 2XL (In Stock)
yellow maxi dress,Miss Chase,Women's Yellow and White V neck Floral Printed Layered Maxi Dress,https://www.nykaafashion.com/miss-chase-women-yellow-white-v-neck-full-sleeve-floral-layered-maxi-dress/p/5524043,https://adn-static1.nykaa.com/nykdesignstudio-images/pub/media/catalog/product/7/c/7c39942MISAA00002123_1.jpg,"‚Çπ1,485","2,395",4.6,"sooo good, iam happy with the dress, perfect fix , and looking soooooo good üòª",XS (In Stock); S (In Stock); M (In Stock); L (In Stock); XL (In Stock); 2XL (In Stock); 3XL (In Stock); 4XL (In Stock)
yellow maxi dress,Vastranand,Lime Yellow Abstract Print Dress,https://www.nykaafashion.com/vastranand-lime-yellow-abstract-print-dress/p/16310284,https://adn-static1.nykaa.com/nykdesignstudio-images/pub/media/catalog/product/9/f/9f76ba5Dress-10_1.jpg,"‚Çπ3,019","5,696",3.8,s size little loose,S (In Stock); M (In Stock); L (In Stock); XL (In Stock); 2XL (In Stock)
yellow maxi dress,Bullion knot,Daffodil Dream Maxi Dress In Yellow,https://www.nykaafashion.com/bullion-knot-daffodil-dream-maxi-dress-in-yellow/p/18071181,https://adn-static1.nykaa.com/nykdesignstudio-images/pub/media/catalog/product/1/8/18ca0d1BK973N_1.jpg,N/A,N/A,N/A,No reviews,S (In Stock); M (In Stock); L (In Stock); XL (In Stock); 2XL (In Stock)
yellow maxi dress,ANVI Be Yourself,Women Floral Printed Yellow Square Neck Georgette Fit and Flare Midi Dress,https://www.nykaafashion.com/anvi-be-yourself-women-floral-printed-yellow-square-neck-georgette-fit-and-flare-midi-dress/p/18444151,https://adn-static1.nykaa.com/nykdesignstudio-images/pub/media/catalog/product/1/c/1ce264dANVI2DD0355_1.jpg,"‚Çπ1,300","2,599",3.7,nicel and fashionable,XS (In Stock); S (In Stock); M (In Stock); L (In Stock); XL (In Stock); 2XL (In Stock)
yellow maxi dress,Madame,Yellow Floral V-Neck Maxi Dress,https://www.nykaafashion.com/madame-yellow-floral-v-neck-maxi-dress/p/10180042,https://adn-static1.nykaa.com/nykdesignstudio-images/pub/media/catalog/product/9/a/9ac26efJACPR-M3S13706-YELLOW_1.jpg,"‚Çπ1,200","3,999",3.7,very fit,S (In Stock); M (In Stock); L (In Stock); XL (In Stock); 2XL (In Stock); 3XL (In Stock)
yellow maxi dress,Outzidr,Yellow Conversational Printed Shirt Party Dress,https://www.nykaafashion.com/outzidr-yellow-conversational-printed-shirt-party-dress/p/21026482,https://adn-static1.nykaa.com/nykdesignstudio-images/pub/media/catalog/product/7/8/7856d73WMX102399022515Yellow_1.jpg,N/A,N/A,N/A,No reviews,S (In Stock); M (In Stock); L (In Stock); XL (In Stock); 2XL (In Stock); 3XL (In Stock); 4XL (In Stock); 5XL (In Stock)
yellow maxi dress,Sivaka India,Yellow Ikat Print Cotton Maxi Dress,https://www.nykaafashion.com/sivaka-india-yellow-ikat-print-cotton-maxi-dress/p/19334281,https://adn-static1.nykaa.com/nykdesignstudio-images/pub/media/catalog/product/3/8/38fa7c3SIV_DR036_1.jpg,"‚Çπ2,680","3,999",N/A,No reviews,XS (In Stock); S (In Stock); M (In Stock); L (In Stock); XL (In Stock); 2XL (In Stock); 3XL (In Stock); 4XL (In Stock)
yellow maxi dress,WISHFUL by W,Yellow Floral Dress With Dupatta (Set of 2),https://www.nykaafashion.com/wishful-by-w-yellow-floral-dress-with-dupatta-set-of-2/p/11789401,https://adn-static1.nykaa.com/nykdesignstudio-images/pub/media/catalog/product/a/d/ad3101e23FESP11297-120208_1.jpg,"‚Çπ3,040","7,999",4.2,No reviews,XS (In Stock); S (In Stock); M (In Stock); L (In Stock); XL (In Stock); 2XL (In Stock); 3XL (In Stock)
yellow maxi dress,B'Infinite,Sunshine Yellow Off Shoulder Corset Dress,https://www.nykaafashion.com/b-infinite-sunshine-yellow-off-shoulder-corset-dress/p/20222148,https://adn-static1.nykaa.com/nykdesignstudio-images/pub/media/catalog/product/b/f/bf40dd0D240_1.jpg,"‚Çπ5,510","5,799",N/A,No reviews,XS (In Stock); S (In Stock); M (In Stock); L (In Stock); XL (In Stock); 2XL (In Stock)
yellow maxi dress,Twenty Dresses by Nykaa Fashion,Yellow Checks Strappy Frill Detail Fit and Flare Maxi Dress,https://www.nykaafashion.com/twenty-dresses-by-nykaa-fashion-yellow-checks-strappy-frill-detail-fit-and-flare-maxi-dress/p/18450718,https://adn-static1.nykaa.com/nykdesignstudio-images/pub/media/catalog/product/7/4/741dcf0DR012538_1.jpg,"‚Çπ3,596","3,995",N/A,No reviews,XS (In Stock); S (In Stock); M (In Stock); L (In Stock); XL (In Stock); 2XL (In Stock)
